Bucket,Group,Planning window / date context,Utah discovery leads,Event confirmation,Source / verification,Coverage horizon
Fall,Seasons,September–November,"City recreation, official organizers, venue calendars and Utah tourism listings",Bucket only — no event/date inferred,Planning bucket; organizer dates must be checked separately,"Oct 6, 2026–Oct 31, 2027"
Winter,Seasons,December–February,"City recreation, official organizers, venue calendars and Utah tourism listings",Bucket only — no event/date inferred,Planning bucket; organizer dates must be checked separately,"Oct 6, 2026–Oct 31, 2027"
Spring,Seasons,March–May,"City recreation, official organizers, venue calendars and Utah tourism listings",Bucket only — no event/date inferred,Planning bucket; organizer dates must be checked separately,"Oct 6, 2026–Oct 31, 2027"
Summer,Seasons,June–August,"City recreation, official organizers, venue calendars and Utah tourism listings",Bucket only — no event/date inferred,Planning bucket; organizer dates must be checked separately,"Oct 6, 2026–Oct 31, 2027"
Halloween,Holidays & traditions,October,"City recreation, official organizers, venue calendars and Utah tourism listings",Bucket only — no event/date inferred,Planning bucket; organizer dates must be checked separately,"Oct 6, 2026–Oct 31, 2027"
Día de los Muertos,Holidays & traditions,November,"City recreation, official organizers, venue calendars and Utah tourism listings",Bucket only — no event/date inferred,Planning bucket; organizer dates must be checked separately,"Oct 6, 2026–Oct 31, 2027"
Thanksgiving,Holidays & traditions,November,"City recreation, official organizers, venue calendars and Utah tourism listings",Bucket only — no event/date inferred,Planning bucket; organizer dates must be checked separately,"Oct 6, 2026–Oct 31, 2027"
Christmas,Holidays & traditions,December,"City recreation, official organizers, venue calendars and Utah tourism listings",Bucket only — no event/date inferred,Planning bucket; organizer dates must be checked separately,"Oct 6, 2026–Oct 31, 2027"
New Year,Holidays & traditions,December–January,"City recreation, official organizers, venue calendars and Utah tourism listings",Bucket only — no event/date inferred,Planning bucket; organizer dates must be checked separately,"Oct 6, 2026–Oct 31, 2027"
Valentine’s Day,Holidays & traditions,February,"City recreation, official organizers, venue calendars and Utah tourism listings",Bucket only — no event/date inferred,Planning bucket; organizer dates must be checked separately,"Oct 6, 2026–Oct 31, 2027"
St. Patrick’s Day,Holidays & traditions,March,"City recreation, official organizers, venue calendars and Utah tourism listings",Bucket only — no event/date inferred,Planning bucket; organizer dates must be checked separately,"Oct 6, 2026–Oct 31, 2027"
Easter,Holidays & traditions,March–April,"City recreation, official organizers, venue calendars and Utah tourism listings",Bucket only — no event/date inferred,Planning bucket; organizer dates must be checked separately,"Oct 6, 2026–Oct 31, 2027"
Mother’s Day,Holidays & traditions,May,"City recreation, official organizers, venue calendars and Utah tourism listings",Bucket only — no event/date inferred,Planning bucket; organizer dates must be checked separately,"Oct 6, 2026–Oct 31, 2027"
Father’s Day,Holidays & traditions,June,"City recreation, official organizers, venue calendars and Utah tourism listings",Bucket only — no event/date inferred,Planning bucket; organizer dates must be checked separately,"Oct 6, 2026–Oct 31, 2027"
Juneteenth,Holidays & traditions,June,"City recreation, official organizers, venue calendars and Utah tourism listings",Bucket only — no event/date inferred,Planning bucket; organizer dates must be checked separately,"Oct 6, 2026–Oct 31, 2027"
Independence Day,Holidays & traditions,July,"City recreation, official organizers, venue calendars and Utah tourism listings",Bucket only — no event/date inferred,Planning bucket; organizer dates must be checked separately,"Oct 6, 2026–Oct 31, 2027"
Pioneer Day,Holidays & traditions,July,"City recreation, official organizers, venue calendars and Utah tourism listings",Bucket only — no event/date inferred,Planning bucket; organizer dates must be checked separately,"Oct 6, 2026–Oct 31, 2027"
Memorial Day,Holidays & traditions,May,"City recreation, official organizers, venue calendars and Utah tourism listings",Bucket only — no event/date inferred,Planning bucket; organizer dates must be checked separately,"Oct 6, 2026–Oct 31, 2027"
Labor Day,Holidays & traditions,September,"City recreation, official organizers, venue calendars and Utah tourism listings",Bucket only — no event/date inferred,Planning bucket; organizer dates must be checked separately,"Oct 6, 2026–Oct 31, 2027"
Veterans Day,Holidays & traditions,November,"City recreation, official organizers, venue calendars and Utah tourism listings",Bucket only — no event/date inferred,Planning bucket; organizer dates must be checked separately,"Oct 6, 2026–Oct 31, 2027"
Indigenous Peoples’ Day,Holidays & traditions,October,"City recreation, official organizers, venue calendars and Utah tourism listings",Bucket only — no event/date inferred,Planning bucket; organizer dates must be checked separately,"Oct 6, 2026–Oct 31, 2027"
Lunar New Year,Holidays & traditions,January–February,"City recreation, official organizers, venue calendars and Utah tourism listings",Bucket only — no event/date inferred,Planning bucket; organizer dates must be checked separately,"Oct 6, 2026–Oct 31, 2027"
Oktoberfest,Holidays & traditions,August–October,"City recreation, official organizers, venue calendars and Utah tourism listings",Bucket only — no event/date inferred,Planning bucket; organizer dates must be checked separately,"Oct 6, 2026–Oct 31, 2027"
Samhain,Religious & spiritual observances,October–November,"Utah faith/community organizations; public gatherings, open houses, cultural centers and campus calendars",Bucket only — no event/date inferred,https://arc.losrios.edu/about-us/mission-vision-and-values/equity-and-diversity/religious-inclusion-and-observance/interfaith-planning-calendar,"Oct 6, 2026–Oct 31, 2027"
Yule & Solstice,Religious & spiritual observances,December,"Utah faith/community organizations; public gatherings, open houses, cultural centers and campus calendars",Bucket only — no event/date inferred,https://arc.losrios.edu/about-us/mission-vision-and-values/equity-and-diversity/religious-inclusion-and-observance/interfaith-planning-calendar,"Oct 6, 2026–Oct 31, 2027"
Imbolc,Religious & spiritual observances,February,"Utah faith/community organizations; public gatherings, open houses, cultural centers and campus calendars",Bucket only — no event/date inferred,https://arc.losrios.edu/about-us/mission-vision-and-values/equity-and-diversity/religious-inclusion-and-observance/interfaith-planning-calendar,"Oct 6, 2026–Oct 31, 2027"
Ostara,Religious & spiritual observances,March,"Utah faith/community organizations; public gatherings, open houses, cultural centers and campus calendars",Bucket only — no event/date inferred,https://arc.losrios.edu/about-us/mission-vision-and-values/equity-and-diversity/religious-inclusion-and-observance/interfaith-planning-calendar,"Oct 6, 2026–Oct 31, 2027"
Beltane,Religious & spiritual observances,May,"Utah faith/community organizations; public gatherings, open houses, cultural centers and campus calendars",Bucket only — no event/date inferred,https://arc.losrios.edu/about-us/mission-vision-and-values/equity-and-diversity/religious-inclusion-and-observance/interfaith-planning-calendar,"Oct 6, 2026–Oct 31, 2027"
Litha,Religious & spiritual observances,June,"Utah faith/community organizations; public gatherings, open houses, cultural centers and campus calendars",Bucket only — no event/date inferred,https://arc.losrios.edu/about-us/mission-vision-and-values/equity-and-diversity/religious-inclusion-and-observance/interfaith-planning-calendar,"Oct 6, 2026–Oct 31, 2027"
Lughnasadh,Religious & spiritual observances,August,"Utah faith/community organizations; public gatherings, open houses, cultural centers and campus calendars",Bucket only — no event/date inferred,https://arc.losrios.edu/about-us/mission-vision-and-values/equity-and-diversity/religious-inclusion-and-observance/interfaith-planning-calendar,"Oct 6, 2026–Oct 31, 2027"
Mabon,Religious & spiritual observances,September,"Utah faith/community organizations; public gatherings, open houses, cultural centers and campus calendars",Bucket only — no event/date inferred,https://arc.losrios.edu/about-us/mission-vision-and-values/equity-and-diversity/religious-inclusion-and-observance/interfaith-planning-calendar,"Oct 6, 2026–Oct 31, 2027"
Rosh Hashanah,Religious & spiritual observances,2027: October,"Utah faith/community organizations; public gatherings, open houses, cultural centers and campus calendars",Bucket only — no event/date inferred,https://www.hebcal.com/holidays/2026-2027,"Oct 6, 2026–Oct 31, 2027"
Yom Kippur,Religious & spiritual observances,2027: October 10 sunset–11 nightfall; 2026 observance already passed,"Utah faith/community organizations; public gatherings, open houses, cultural centers and campus calendars",Bucket only — no event/date inferred,https://www.hebcal.com/holidays/2026-2027,"Oct 6, 2026–Oct 31, 2027"
Sukkot,Religious & spiritual observances,2027: October,"Utah faith/community organizations; public gatherings, open houses, cultural centers and campus calendars",Bucket only — no event/date inferred,https://www.hebcal.com/holidays/2026-2027,"Oct 6, 2026–Oct 31, 2027"
Shemini Atzeret & Simchat Torah,Religious & spiritual observances,2027: October,"Utah faith/community organizations; public gatherings, open houses, cultural centers and campus calendars",Bucket only — no event/date inferred,https://www.hebcal.com/holidays/2026-2027,"Oct 6, 2026–Oct 31, 2027"
Hanukkah,Religious & spiritual observances,2026: December 4 sunset–12 nightfall,"Utah faith/community organizations; public gatherings, open houses, cultural centers and campus calendars",Bucket only — no event/date inferred,https://www.hebcal.com/holidays/2026-2027,"Oct 6, 2026–Oct 31, 2027"
Tu BiShvat,Religious & spiritual observances,January–February,"Utah faith/community organizations; public gatherings, open houses, cultural centers and campus calendars",Bucket only — no event/date inferred,https://www.hebcal.com/holidays/2026-2027,"Oct 6, 2026–Oct 31, 2027"
Purim,Religious & spiritual observances,2027: March 22 sunset–23 nightfall,"Utah faith/community organizations; public gatherings, open houses, cultural centers and campus calendars",Bucket only — no event/date inferred,https://www.hebcal.com/holidays/2026-2027,"Oct 6, 2026–Oct 31, 2027"
Passover,Religious & spiritual observances,2027: April 21 sunset–29 nightfall (Diaspora),"Utah faith/community organizations; public gatherings, open houses, cultural centers and campus calendars",Bucket only — no event/date inferred,https://www.hebcal.com/holidays/2026-2027,"Oct 6, 2026–Oct 31, 2027"
Shavuot,Religious & spiritual observances,May–June,"Utah faith/community organizations; public gatherings, open houses, cultural centers and campus calendars",Bucket only — no event/date inferred,https://www.hebcal.com/holidays/2026-2027,"Oct 6, 2026–Oct 31, 2027"
Ramadan,Religious & spiritual observances,2027: expected February–March; local moon sighting,"Utah faith/community organizations; public gatherings, open houses, cultural centers and campus calendars",Bucket only — no event/date inferred,https://arc.losrios.edu/about-us/mission-vision-and-values/equity-and-diversity/religious-inclusion-and-observance/interfaith-planning-calendar,"Oct 6, 2026–Oct 31, 2027"
Eid al-Fitr,Religious & spiritual observances,2027: expected March; local moon sighting,"Utah faith/community organizations; public gatherings, open houses, cultural centers and campus calendars",Bucket only — no event/date inferred,https://arc.losrios.edu/about-us/mission-vision-and-values/equity-and-diversity/religious-inclusion-and-observance/interfaith-planning-calendar,"Oct 6, 2026–Oct 31, 2027"
Eid al-Adha,Religious & spiritual observances,2027: expected May; local moon sighting,"Utah faith/community organizations; public gatherings, open houses, cultural centers and campus calendars",Bucket only — no event/date inferred,https://arc.losrios.edu/about-us/mission-vision-and-values/equity-and-diversity/religious-inclusion-and-observance/interfaith-planning-calendar,"Oct 6, 2026–Oct 31, 2027"
Islamic New Year,Religious & spiritual observances,Date varies; verify community calendar,"Utah faith/community organizations; public gatherings, open houses, cultural centers and campus calendars",Bucket only — no event/date inferred,https://arc.losrios.edu/about-us/mission-vision-and-values/equity-and-diversity/religious-inclusion-and-observance/interfaith-planning-calendar,"Oct 6, 2026–Oct 31, 2027"
Ashura,Religious & spiritual observances,Date varies; verify community calendar,"Utah faith/community organizations; public gatherings, open houses, cultural centers and campus calendars",Bucket only — no event/date inferred,https://arc.losrios.edu/about-us/mission-vision-and-values/equity-and-diversity/religious-inclusion-and-observance/interfaith-planning-calendar,"Oct 6, 2026–Oct 31, 2027"
Mawlid,Religious & spiritual observances,Date varies; verify community calendar,"Utah faith/community organizations; public gatherings, open houses, cultural centers and campus calendars",Bucket only — no event/date inferred,https://arc.losrios.edu/about-us/mission-vision-and-values/equity-and-diversity/religious-inclusion-and-observance/interfaith-planning-calendar,"Oct 6, 2026–Oct 31, 2027"
Diwali,Religious & spiritual observances,2026: November; 2027: October,"Utah faith/community organizations; public gatherings, open houses, cultural centers and campus calendars",Bucket only — no event/date inferred,https://arc.losrios.edu/about-us/mission-vision-and-values/equity-and-diversity/religious-inclusion-and-observance/interfaith-planning-calendar,"Oct 6, 2026–Oct 31, 2027"
Navratri & Dussehra,Religious & spiritual observances,2026: October; spring and autumn observances,"Utah faith/community organizations; public gatherings, open houses, cultural centers and campus calendars",Bucket only — no event/date inferred,https://arc.losrios.edu/about-us/mission-vision-and-values/equity-and-diversity/religious-inclusion-and-observance/interfaith-planning-calendar,"Oct 6, 2026–Oct 31, 2027"
Holi,Religious & spiritual observances,March,"Utah faith/community organizations; public gatherings, open houses, cultural centers and campus calendars",Bucket only — no event/date inferred,https://arc.losrios.edu/about-us/mission-vision-and-values/equity-and-diversity/religious-inclusion-and-observance/interfaith-planning-calendar,"Oct 6, 2026–Oct 31, 2027"
Vaisakhi,Religious & spiritual observances,April,"Utah faith/community organizations; public gatherings, open houses, cultural centers and campus calendars",Bucket only — no event/date inferred,https://arc.losrios.edu/about-us/mission-vision-and-values/equity-and-diversity/religious-inclusion-and-observance/interfaith-planning-calendar,"Oct 6, 2026–Oct 31, 2027"
Guru Nanak Gurpurab,Religious & spiritual observances,October–November; community calendar varies,"Utah faith/community organizations; public gatherings, open houses, cultural centers and campus calendars",Bucket only — no event/date inferred,https://arc.losrios.edu/about-us/mission-vision-and-values/equity-and-diversity/religious-inclusion-and-observance/interfaith-planning-calendar,"Oct 6, 2026–Oct 31, 2027"
Vesak,Religious & spiritual observances,April–June; tradition varies,"Utah faith/community organizations; public gatherings, open houses, cultural centers and campus calendars",Bucket only — no event/date inferred,https://arc.losrios.edu/about-us/mission-vision-and-values/equity-and-diversity/religious-inclusion-and-observance/interfaith-planning-calendar,"Oct 6, 2026–Oct 31, 2027"
Naw-Rúz,Religious & spiritual observances,March,"Utah faith/community organizations; public gatherings, open houses, cultural centers and campus calendars",Bucket only — no event/date inferred,https://arc.losrios.edu/about-us/mission-vision-and-values/equity-and-diversity/religious-inclusion-and-observance/interfaith-planning-calendar,"Oct 6, 2026–Oct 31, 2027"
Ridván,Religious & spiritual observances,April–May,"Utah faith/community organizations; public gatherings, open houses, cultural centers and campus calendars",Bucket only — no event/date inferred,https://arc.losrios.edu/about-us/mission-vision-and-values/equity-and-diversity/religious-inclusion-and-observance/interfaith-planning-calendar,"Oct 6, 2026–Oct 31, 2027"
Bahá’í Twin Holy Birthdays,Religious & spiritual observances,October–November,"Utah faith/community organizations; public gatherings, open houses, cultural centers and campus calendars",Bucket only — no event/date inferred,https://arc.losrios.edu/about-us/mission-vision-and-values/equity-and-diversity/religious-inclusion-and-observance/interfaith-planning-calendar,"Oct 6, 2026–Oct 31, 2027"
Advent,Religious & spiritual observances,November–December,"Utah faith/community organizations; public gatherings, open houses, cultural centers and campus calendars",Bucket only — no event/date inferred,https://arc.losrios.edu/about-us/mission-vision-and-values/equity-and-diversity/religious-inclusion-and-observance/interfaith-planning-calendar,"Oct 6, 2026–Oct 31, 2027"
Epiphany,Religious & spiritual observances,January,"Utah faith/community organizations; public gatherings, open houses, cultural centers and campus calendars",Bucket only — no event/date inferred,https://arc.losrios.edu/about-us/mission-vision-and-values/equity-and-diversity/religious-inclusion-and-observance/interfaith-planning-calendar,"Oct 6, 2026–Oct 31, 2027"
Lent & Holy Week,Religious & spiritual observances,February–April,"Utah faith/community organizations; public gatherings, open houses, cultural centers and campus calendars",Bucket only — no event/date inferred,https://arc.losrios.edu/about-us/mission-vision-and-values/equity-and-diversity/religious-inclusion-and-observance/interfaith-planning-calendar,"Oct 6, 2026–Oct 31, 2027"
Orthodox Christmas,Religious & spiritual observances,January; calendar varies,"Utah faith/community organizations; public gatherings, open houses, cultural centers and campus calendars",Bucket only — no event/date inferred,https://arc.losrios.edu/about-us/mission-vision-and-values/equity-and-diversity/religious-inclusion-and-observance/interfaith-planning-calendar,"Oct 6, 2026–Oct 31, 2027"
Orthodox Easter,Religious & spiritual observances,March–May,"Utah faith/community organizations; public gatherings, open houses, cultural centers and campus calendars",Bucket only — no event/date inferred,https://arc.losrios.edu/about-us/mission-vision-and-values/equity-and-diversity/religious-inclusion-and-observance/interfaith-planning-calendar,"Oct 6, 2026–Oct 31, 2027"
Pride,"Heritage, culture & community",Year-round; Pride Month June,"Community organizations, museums, universities, libraries and cultural centers",Bucket only — no event/date inferred,https://www.loc.gov/law/help/commemorative-observations/,"Oct 6, 2026–Oct 31, 2027"
Black History Month,"Heritage, culture & community",February,"Community organizations, museums, universities, libraries and cultural centers",Bucket only — no event/date inferred,https://www.loc.gov/law/help/commemorative-observations/,"Oct 6, 2026–Oct 31, 2027"
Women’s History Month,"Heritage, culture & community",March,"Community organizations, museums, universities, libraries and cultural centers",Bucket only — no event/date inferred,https://www.loc.gov/law/help/commemorative-observations/,"Oct 6, 2026–Oct 31, 2027"
Irish American Heritage Month,"Heritage, culture & community",March,"Community organizations, museums, universities, libraries and cultural centers",Bucket only — no event/date inferred,https://www.loc.gov/law/help/commemorative-observations/,"Oct 6, 2026–Oct 31, 2027"
Arab American Heritage Month,"Heritage, culture & community",April,"Community organizations, museums, universities, libraries and cultural centers",Bucket only — no event/date inferred,https://www.loc.gov/law/help/commemorative-observations/,"Oct 6, 2026–Oct 31, 2027"
Asian American & Pacific Islander Heritage Month,"Heritage, culture & community",May,"Community organizations, museums, universities, libraries and cultural centers",Bucket only — no event/date inferred,https://www.loc.gov/law/help/commemorative-observations/,"Oct 6, 2026–Oct 31, 2027"
Jewish American Heritage Month,"Heritage, culture & community",May,"Community organizations, museums, universities, libraries and cultural centers",Bucket only — no event/date inferred,https://www.loc.gov/law/help/commemorative-observations/,"Oct 6, 2026–Oct 31, 2027"
Caribbean American Heritage Month,"Heritage, culture & community",June,"Community organizations, museums, universities, libraries and cultural centers",Bucket only — no event/date inferred,https://www.loc.gov/law/help/commemorative-observations/,"Oct 6, 2026–Oct 31, 2027"
Disability Pride Month,"Heritage, culture & community",July,"Community organizations, museums, universities, libraries and cultural centers",Bucket only — no event/date inferred,https://www.loc.gov/law/help/commemorative-observations/,"Oct 6, 2026–Oct 31, 2027"
Hispanic Heritage Month,"Heritage, culture & community",September 15–October 15,"Community organizations, museums, universities, libraries and cultural centers",Bucket only — no event/date inferred,https://www.loc.gov/law/help/commemorative-observations/,"Oct 6, 2026–Oct 31, 2027"
LGBTQ+ History Month,"Heritage, culture & community",October,"Community organizations, museums, universities, libraries and cultural centers",Bucket only — no event/date inferred,https://www.loc.gov/law/help/commemorative-observations/,"Oct 6, 2026–Oct 31, 2027"
Filipino American History Month,"Heritage, culture & community",October,"Community organizations, museums, universities, libraries and cultural centers",Bucket only — no event/date inferred,https://www.loc.gov/law/help/commemorative-observations/,"Oct 6, 2026–Oct 31, 2027"
Italian American Heritage Month,"Heritage, culture & community",October,"Community organizations, museums, universities, libraries and cultural centers",Bucket only — no event/date inferred,https://www.loc.gov/law/help/commemorative-observations/,"Oct 6, 2026–Oct 31, 2027"
Native American Heritage Month,"Heritage, culture & community",November,"Community organizations, museums, universities, libraries and cultural centers",Bucket only — no event/date inferred,https://www.loc.gov/law/help/commemorative-observations/,"Oct 6, 2026–Oct 31, 2027"
Kwanzaa,"Heritage, culture & community",December 26–January 1,"Community organizations, museums, universities, libraries and cultural centers",Bucket only — no event/date inferred,https://www.loc.gov/law/help/commemorative-observations/,"Oct 6, 2026–Oct 31, 2027"
Autism Acceptance Month,"Heritage, culture & community",April,"Community organizations, museums, universities, libraries and cultural centers",Bucket only — no event/date inferred,https://www.loc.gov/law/help/commemorative-observations/,"Oct 6, 2026–Oct 31, 2027"
Transgender Day of Visibility,"Heritage, culture & community",March 31,"Community organizations, museums, universities, libraries and cultural centers",Bucket only — no event/date inferred,https://www.loc.gov/law/help/commemorative-observations/,"Oct 6, 2026–Oct 31, 2027"
Transgender Day of Remembrance,"Heritage, culture & community",November 20,"Community organizations, museums, universities, libraries and cultural centers",Bucket only — no event/date inferred,https://www.loc.gov/law/help/commemorative-observations/,"Oct 6, 2026–Oct 31, 2027"
All Saints & All Souls,Religious & spiritual observances,November 1–2; denomination varies,Utah churches or Buddhist communities; organizer-invited public gatherings,Bucket only — no event/date inferred,https://arc.losrios.edu/about-us/mission-vision-and-values/equity-and-diversity/religious-inclusion-and-observance/interfaith-planning-calendar,"Oct 6, 2026–Oct 31, 2027"
Bodhi Day,Religious & spiritual observances,December; calendar/tradition varies,Salt Lake Buddhist Temple — organizer dates to verify,Bucket only — no event/date inferred,https://www.buddhistchurch.org/special-services,"Oct 6, 2026–Oct 31, 2027"
